,corrected
0,"No, era por saber si tenía que llevar un saco con el símbolo del dólar"
1,"¿A quién le importa? No, lo pregunto de verdad"
2,Pero voy a dar por hecho que ha pedido refuerzos
3,¿Por qué no te callas? Tengo que pensar
4,"Sí, sospechábamos un poco"
5,Esto es ridículo. ¿En serio saldremos a jugar contra los North así vestidos?
6,Francamente no
7,"David, Rey, Keita, Benny"
8,"""Y si lo llevas a uno de esos lugares de empeño. En cada dos cuadras hay un sujeto con un cartel que dice:""""compramos oro"""". Mucha gente lo hace"""
9,"No, Lana. ¡Qué va!"
10,Y como es lógico voy a guardar mi pistola en la caja fuerte hasta que acabe la partida
11,"¿Oh, para mí? Oh, dios mío, allí está, el viejo Parches con su carita de felicidad. Gracias Villi, significa mucho para mí. Villi, esa corbata que usas, no sé de dónde la sacaste pero es superguay"
12,"Lo siento, mi papá está tomándose el sarcasmo bol profesional muy en serio"
13,No
14,¿No ves qué este deporte le hizo a su padre? ¿Acaso quieres terminar como él?
15,"Estaba allí en el cochecito, me puse una copa, llamó mi peletero, por cierto, me roba descaradamente. Llamé a la inmigración para intentar que le deportaran a su padre. Me puse otra copa, pero no quedaba hielo, así que, ¡ah!"
16,Jackson atrapa el balón. Está corriendo por la meta y uh.
17,"El marcador está cero a cero, mientras los Atines avanzan a los Broncos"
18,¿Dónde está qué? ¿Te han tirado la cadena?
19,"Ha, porque necesitas ayuda con la niña y no quieres llamar a Lana y vienes a pedirnos ayuda"
20,¿Qué?
21,¿Eh?
22,"Lana, tranquila, no beberé en tu ausencia y tomo esto muy en serio"
23,"Y su identificación, por favor"
24,"La primera línea cubrirá los huecos. Dile que te gustan sus uniformes. Cuide, Token, abracen a esos jugadores"
25,"Por favor, le han disparado"
26,Pásalo bien y ojalá que sufras de violencia homófoba
27,"Sí llevo pipa, hombre no"
28,"Sí, Lana, en serio. ¿Por qué mi madre no es apta para criar a AJ?"
29,Llévanos solo él y préstame una camisa
30,"Es la mejor, es muy listo. Se aprovecha de mis precios bajos"
31,¿Es que estás de su lado? Ese cabrón ha amenazado a hacer daño a AJ. Que ahora que lo pienso es la culpable de todo esto...
32,"Sí, sí, ya nos cansamos de que nuestros niños se golpeen en el campo y se lastimen. Hagamos el sarcasmo bol el deporte oficial en todas las escuelas"
33,"Eh, ya está bien"
34,Me ha puñado literalmente por la espalda
35,"Literalmente, por la espalda, puñalada"
36,"Sheili tiene trece? Claro, claro, cielos. Villi, alguna vez te conté que tuve un pastor escocés llamado Patios?"
37,¿Para criar a mi hija?
38,Es la misma corbata que tenía el Rey Enrique V
39,Se acabó. Debería irme a casa y olvidarme de lo que este deporte me ha hecho. ¡Qué miles de personas jueguen el sarcasmo bol y terminen como yo!
40,"Vamos gente, veamos a esa regla de las patadas y regresemos al futbol"
41,Así es justo cómo murió Brea
42,"No, mis compañeros lo inventaron para que Slate me llevara a usted y que usted me trajera aquí"
43,Sí
44,Te lo dije
45,Y pierde unos quilicos
46,"Brandy, primero permíteme agradecerte por tomar un juego que amamos y convertirlo en una pesadilla. ¡Muy bien hecho!"
47,"Cielos, mi abuelo pagó seis mil dólares para algo que casi no tiene valor alguno. Cómo, ¿cómo puede ocurrir algo semejante?"
48,Vale
49,"Vale, sí, ten cuidado. "
50,Y ha venido un tal señor Ley para verla
51,"No te preocupes, tiene que haber otro lugar donde compren oro cerca"
52,"Al suelo, mire, ¿qué estás? Uy, estaba haciendo un simulacro. Les estaba poniendo en prueba, buen trabajo."
53,"Hagámoslo. Stan, abróchame el sostén"
54,Y calla. ¿Y qué operación está llevando a cabo CIA en Argentina?
55,¿Y por qué nosotros? ¿No es mejor que quede en casa en la CIA?
56,"""¿Por qué no les gritan a los encargados de fundir el oro? El refrán hindú dice:""""quien lo fundió, lo generó"""""""
57,"No, les maquillaron los de la CIA que les queda muy realista"
58,"Como una mujer despechada, ¿te acuerdas de que te despeché un poco la última vez que nos vimos?"
59,Es cierto
60,"Caray, conduce de puta pena"
61,"Esta Lana, mira que montar esto solo para que le llamara y pidiera ayuda. Y Slate con sangre falsa. Qué pena da el pobre"
62,¿Dónde está?
63,"Y bien, qué está pasando allí"
64,Claro que sí. ¿Puedo cogerla?
65,"Mmm, pero estás guapa, más rellenito de lo que recuerdo"
66,"Cuenta, coge lo que necesites, me figuro que unas pilas nuevas, y vamos a sacarte da aquí."
67,"No, no dispares. Allí está el bebé"
68,¿Haber cruzado el río grande?
69,"Sí, aquí hay uno"
70,"Vagamente. Pero si lo que quieres es venganza, ¿por qué no me matas?"
71,Pero hay otras mesas
72,"Oye, oye, tienes que escuchar, no sé qué pasa aquí, pero tienes que darme la niña."
73,"Corten, perdón, voy de nuevo. Intento decir que deberíamos tener diez ligas de sarcasmo bol y así todos pueden jugar. ¡Ah, mierda!"
74,Voy a pedir refuerzos
75,"¿Podríamos dejarlo ya, por favor?"
76,"Oh, bien, Cutters. Es la brújula de amistad. Cuando hay amigos tuyos en el área, tu pequeña brújula indica donde están. Apunta hacia arriba, porque Jesús es tu amigo"
77,No tengo el urdu tan fresco como pensaba
78,"Joder, en fin, dudo que el robot tenga Bourbon y no me áptese tres en uno con cola, al menos que no haya, literalmente, nada más que beber"
79,Eso dije yo
80,"A caso no ven. Ya que estamos en esto, deberíamos reemplazar el balón por un globo. Y quién atrape el globo correrá mientras el resto de los jugadores se abrazan"
81,En tu casa
82,Esperé que ya haya pasado. Creía que iban a reformar este sitio
83,"Ha contratado a un canguro, hola soy Maní"
84,"Oh, no porque bastante tenías con tirarte a acero, luego a cristal o"
85,"Mucho, venga, ahora meta la secuencia de datos..."
86,Me busco a una canguro
87,"Chicos, no entiendo el futbol. Por eso, creo que soy mal jugando"
88,"Después de apuñalarme, literalmente, por la espalda"
89,Quiero decir que esa es la única puerta
90,"No, en esto no. ¿Qué hay del interior cremoso que nos hablaste? Esa que creemos que llevas dentro y que hace que seamos mejor jugadores del mundo"
91,"Este gran juego no se basa en jugadas. Se basa en camaradería y en la compasión. Y cuando miro en este vestidor, veo algunos de los chicos más amables y compasibles que he conocido. Tú Ken, eres más amable que cualquiera y Cuide, tú, abrazas mejor que cualquiera en este campo de juego"
92,"Oh, parece que algunos ex jugadores de NFL están entrando al campo. Está Martín Gregor por seguridad y el defensor Jim Harris. Parece que lleva los pantalones en tobillos. Alguien debería avisárselo. Y el excelente Mike Tetilla que parece estar horneando un pastel imaginario"
93,"No, es quien lo negó, lo proveyó"
94,¡Está en la caja fuerte!
95,¿Qué ha dicho?
96,"No me jodas, Mani"
97,Te pido que no sigas
98,"Oh, por Dios bendito"
99,"Ciérrate la boca, eres un idiota"
100,"Ah, lo siento, da igual"
101,"Gracias, doctor, muchas gracias"
102,¿Es un actor?
103,¡Duro con ellos! ¡Amor con compasión!
104,"Sé positivo, Stan. Chicos, abrácense, abrácense. ¿Bien, qué está ocurriendo aquí?"
105,¿De dónde te sacas las veinte copas?
106,No
107,¿Por qué iba a traer cerveza?
108,Caracterizar este plan
109,"Así, claro, como él exagera cada enfermedad que tiene"
110,Lo hablaremos cuando crezcas
111,Deberían a avergonzarse por la gente que explotan en nuestro país. ¿Cómo se atreven a aprovecharse de los menos afortunados?
112,"Oh, parece que te divertiste mucho"
113,¿Eh?
114,"No, no, no, me jode"
115,Mira
116,"Archero, cierra el pico. Vas a ponerte bien"
117,Y no le hagas daño
118,"Stan, Stan"
119,"Oh, ah... Tres dólares"
120,"Te iba a ofrecer una copa, pero solo tengo tequila y licor de café"
121,Sí
122,Este juego es estúpido. No tengo ni idea de cómo salir al campo y ser amable con los del otro equipo
123,"No, a ellos les joden las mujeres asiáticas"
124,No
125,No entiendo cómo alguien puede jugar a esto con sinceridad
126,Y yo no lo he visto ni hoy
127,"Claro que lo vamos a hablar luego, te lo prometo"
128,"En mi casa no, y por cierto. ¿Qué hacéis en ella? ¿Y quién es este?"
129,"Pues, como la vuelvas a asustar, vas a ver cómo te disparan a ti"
130,"Sí, pero no puedo ser el capitán. Soy malo en todo"
131,Iba a decir excesivo
132,"Durante siglos, los alquimistas han intentado crear la fórmula para crear oro. Quien pudiera crearla se volvería rico. Y ahora esta ecuación química está frente a sus ojos"
133,¿Tenéis el disco?
134,"Sí, abuelo"
135,Qué tontería de conversación
136,"Se lo diré de todas formas, lo estoy usando para colocar mi programa de espía ultramoderna en la sede de CIA para que la inteligencia paquistaní sepa todo lo que hacen en tiempo real"
137,¿A mí o a él?
138,"Vale, haremos lo siguiente"
139,"Por su puesto, coronel Cal. Espere, Landó Cristiano"
140,"El entrenador Martín se acerca para decírselo, pero parece que Jackson cree que está en su auto regresando a casa. Mientras esperamos nos alegra poder recibir el comisionado de NFL, Roger Cooley. Comisionado, mucho abarató para conmociones este año en la NFL. ¿Cómo maneja la liga todo esto?"
141,"Sí, el otro equipo tenía una delantera tan ofensiva que me asustó mucho"
142,Buena suerte con las cartas sangrientas
143,"No, no podemos. Quiero saber por qué deseas que no sea madre"
144,"Claro, Eric"
145,"No se compra, hombre, sé"
146,Esta vez han podido con el pobre Landó. Estoy acabado
147,¿Abuelo?
148,¡Eh! ¿Es mucho pedir durante la maldita jordana laboral dos sesiones de ochenta minutos sin interrupciones para cagar?
149,"Oye, niño, si tienes un problema con el sistema, estás en un lugar equivocado. Aquí solo fundimos lo que nos envían de los lugares de compra de oro"
150,"No, es. Blindado"
151,Ya si estuviera
152,Vale
153,Y sigo sin ver por qué tengo yo que cargar del pibe
154,"Lo sé, habría deseado que me hubiera regalado el dinero en vez de esta corbata"
155,"Pues, sácale los ojos, ¿vale?"
156,"Ojalá siguiera entre nosotros. Podría haber parado algunas balas. ¡Por Dios! En fin, van ocho incluidas la que está en mi hombro, así que"
157,Eso es porque es muy gruño y negativo para creerlo. Necesita una bebida deportiva que eleve sus niveles de humanidad y bondad
158,"Cago en la leche. Hay, pistola!"
159,"Bueno, Cuenta, ganas este salto"
160,Yo soy notaria
161,¿Por qué...? Da igual
162,"Oh, sí soy el que inventó el sarcasmo bol. No hay manera de que sepa cómo entrenarlos"
163,"¿Ves eso, Villi? Es una esmeralda en oro de catorce quilates. ¿Crees que le gustaría algo así a tu hermanita?"
164,Sí ya la tengo. ¡Qué bien!
165,Esos tíos. ¡Qué imbéciles! ¿No?
166,Parece que quiere ocultarlo
167,¿Es de Pakistán?
168,Lo dije
169,No me jodas
170,"Esta bolsa es de ropa, esa de pañales, en la nevera hay leche materna que excuso de ti"
171,Mira
172,"Sí, sí, la mamá, no él jodía"
173,"Y luego cuando intenten agradecernos por los clavos, les decoremos que no se agradezca porque hicimos lo correcto, y luego les sonreiremos"
174,"Así es, quien lo rimó, nos timó"
175,"¿Tiene idea de como se sentiría comenzar a perder sus recuerdos? No, porque ninguno de sus familiares está sufriendo de Alzheimer, pues yo sí"
176,¿Qué? ¿Por qué?
177,Desde luego estás conmocionado
178,"Oye, oye, venga, seguro que, esperad, que no has secuestrado al bebé. ¿Pero de verdad en la buena?"
179,"No señor Archero, ni hablar, no hasta que me lleve a la sede de ISIS para que pueda acceder al ordenador central"
180,"Para, estate quieto, para"
181,Vamos a hablar de beber tres litros de mexicanos negros antes de conducir con tu hija y un actuante dentro
182,"Detrás de la barra, deja de gritar"
183,"No, gracias, no debería"
184,¿Y por qué tú y yo no nos liamos la última vez que trabajamos juntos?
185,¡Sterling!
186,Horario Kane
187,"Y yo, pero alguien me traicionó, una aspirante cantante de Country mentirosa"
188,¿Su hija es tuya?
189,"Es Sterling Archero, este es Barak Ascanio"
190,En Canadá funciona
191,"En serio Brandy, creo que este deporte le hizo algo de daño a tu cerebro"
192,"Muy heroico, lo sé"
193,"¿Tú sabes cómo eres? Si es alguien de aquí, seré yo"
194,Y quítate ese chisme tan ridículo
195,"En serio, bueno, como decía"
196,"No, esperad, el osito está por aquí, o estaba. Os juro que… ¿Osito?"
197,Como... No lo recuerdo
198,"Y cuando el otro equipo intenta acercarse, tendremos que hacer un esfuerzo, llegar a nuestro centro cremoso. Es el lugar que tenemos adentro en que se encuentra todo el amor y felicidad que debemos usar para ser los jugadores más amables y compasivos que el mundo haya visto. Y sabrán que no caemos tan fácilmente"
199,"¿Qué, qué? ¿Oh? ¡Oh! ¡Papá! Volvió a ocurrir. Volvió a salirse mi cremosidad"
200,"Vamos es que no va armado, es lo que quiero decir"
201,"Caballeros, creo que confunden mi hospitalidad con debilidad. El precio es el precio, si quieren negociar, pueden hacerlo con mis socios"
202,"Rieger, andábamos allí cuando fui a buscar hielo. Vamos al laboratorio de ese monstruo"
203,"¿Cutters, tu cremosidad funcionará en otra persona?"
204,"Oro de catorce quilates, o sea catorce dólares al gramo en el mercado, tenemos unos cuatro gramos. Esto es una pérdida de tiempo. Puedo ofrecerte un burrito de seis capas por esto"
205,Lucen bien muchachos. ¡A patear culos!
206,"¿Y cuándo? ¿Por qué no quieres hablar de ello, Lana?"
207,¿Estáis jugando al Stripe póquer?
208,¡Eh!
209,Y por lo visto le va muy bien
210,"Un momento, ¿cuánto pagó por estas joyas?"
211,lo haber dicho antes
212,"Porque estaré sin móvil, así que si ves que no eres capaz de "
213,"Bien amigos, estamos a la mitad de nuestra transmisión de hoy. ¿Quieren aprovechar las ofertas? ¡Llamen ya!"
214,¡Díselo a él!
215,¿Qué?
216,El señor Slate
217,"¿Un poco? Nos mandaste a un… espera, nos seguiste hasta aquí"
218,"Vaya, igual de ridículo"
219,"Ronde, era el que estaba pensando"
220,Mal y en exceso
221,Y con eso los Brown están listos para batir el balón contra los Broncos
222,"Ahora soy un verbo, Lana. Acepta la idea. Y de paso, cúbreme por favor"
223,"Gente, escuchen todos. Hay algo que deben saber acerca del sarcasmo bol, es un juego totalmente seguro, sí superseguro, es tan seguro que cada niño de país debería jugarlo"
224,¿Se ha ido?
225,"Pues, venga, subid atrás. Tengo un avión esperando"
226,"Pues ahora que lo dices, sí se le veía un poco nervioso"
227,"Sí, Cuenta Sterne. ¿Preguntas?"
228,Pero creía que era algo racista
229,"Fue bueno, Pitón, pero hay que mejorar"
230,¿De dónde? ¿Del coño de tu madre?
231,¿Cómo los llamas?
232,Tendríamos que habernos ido antes
233,¿No es el sueño improvisadle?
234,¡Cuenta Sterne!
235,Que las masticaras primero y se las escupieras en la boca
236,Y ya estoy haciendo de canguro de que claramente sí es un bebé
237,Porque es dónde se producen 80 % de los accidentes domésticos
238,Creía que era la cuija
239,Verás Slate. Cuando unos papás se quieren mucho...
240,Tecnología falsa que queríamos que China tuviera. Llevan años estudiando el propulsor de antimateria
241,Sí
242,"Eres un traidor, hijo de puta"
243,Pero te lo dije por tu bien
244,"A ti, te he quitado un punto porque Paz estaba dando a AJ salchichas para comer"
245,Perdón es que he visto cómo dispararon a un tío
246,"No sé qué le ocurrió, en fin, venimos a buscar unas cosas de la niña. Así que vamos a cogerlas. ¿Maní?"
247,En los cojines de sofá no he estado
248,Y aquí están las malditas animadoras de Denver
249,¿De quién es esa pistola?
250,No esta mal te voy a poner un siete
251,Yo creo que lo he bordado
252,"Recordadme que si ese desgraciado no os mata a todos, lo haga yo"
253,Pero
254,Mi salchicha está dura como una flecha
255,"Además, dudo que hable mucho cuando le haya pegado un tiro en la cara"
256,"Rayos, esto es genial, mi semana acaba de mejora mucho"
257,"Oh, les encantará. Un deporte en donde solo importa la seguridad. ¿Por qué no le llamamos sarcasmo bol?"
258,¿Y Woodhouse?
259,¿Cómo es que sigues teniendo dos manos? ¡Hijo de puta!
260,¿Pero el gran juego contra? este sábado
261,"Con usted, cuesta distinguir"
262,"Espera, ¿Argentina no es un aliado nuestro?"
263,"Vale, os voy a explicar todo eso"
264,"Por favor, es un esqueleto de bebé"
265,"Idiotas, hijos de puta, conmigo está el presidente de Brasil y su esposa. Y mirad, aquí, sucia, sucia. Toda, todas las armas al suelo"
266,"Hay que ver, qué generoso"
267,"No estamos siendo sarcástico papá. ¿Es tan difícil creer que realmente disfrutamos de un juego sin violencia? ¿Te cuesta tanto creer que cuando Cutters dice que la competitividad no puede estar compasiva, está siendo sincero?"
268,"Perdón, perdón, momento, no debo ser sarcástico. Volveré a intentar. Escuchen todos, si permiten que sus hijos jueguen a sarcasmo bol, son unos genios."
269,¿Practicar un lunes? ¡Justo lo que yo quería hacer!
270,"Lana, supongo que era una analogía deportiva para hacernos de menos, pero aceptamos la misión. ¿Verdad Sterling?"
271,Y por qué tienes el botiquín en la barra
272,Romperé el cristal
273,"Amigo, es superguay"
274,"Es cierto, Eric me dice que debería ser una mujer por lo malo que soy"
275,Alguien está en la cabeza de todo esto y alguien tiene que pagar. Solo estoy pidiendo una maldita retribución para mi maldito abuelo
276,Literalmente
277,"Me figuro que mientras te mato a golpes literalmente, espera, sí literalmente, la mano gigante cambiará mi selector de medio cañero a mega cañero"
278,"Pues claro, es un cíborg, seguro que la clave era..."
279,¿Hablando de qué?
280,"Joder, Archero"
281,De verdad en la buena
282,¿Y no crees que parecemos recién salidos de un culebrón brasileño?
283,Mejor me voy
284,¿Cómo se pierde un bebé?
285,"Por Dios, pibe, ya te oigo"
286,"Cartean, eres idiota"
287,Qué esmeralda le gusta
288,"Vivian, acabas de conseguir un regalo. ¿Cómo es tu apellido, corazón?"
289,"De acuerdo, de siete capas, pero esto es mi mejor oferta"
290,Eso no es excusa... ¿Espera esa es tu excusa?
291,¿Más joven?
292,Busca ya una botella de la cremosidad de Cutters
293,¿Por qué no te callas?
294,¿Dónde se comprará la leche materna?
295,Y no es lo que quiero decir yo
296,Eres él que está desangrando
297,Es viernes por la noche. ¿Por qué coño hay gente aquí todavía?
298,"Civil, ponle a cría salvo"
299,"Bueno, yo lo llamaría un éxito relativo"
300,"¿Entonces, llamemos a ? Para decirles que nos retiramos"
301,"¡Idiota, todavía no come sólidos!"
302,No Kane con K sino
303,¿Cómo dices?
304,"De la pequeña J, ha desaparecido"
305,¿Mm? ¡Oh!
306,"Sí, es muchísimo pedir"
307,"Ah, bien hecho, árbitros del juego"
308,"Porque resulta que conocéis a la gente en cuestión. ¿Eh, le importa?"
309,Y qué significa
310,¿Qué misión? ¿Vender tecnología militar confidencial a los chinos?
311,"Sí, Lana, ahora si tú me disculpas necesito atención médica con bastante urgencia, por tu culpa"
312,Estaba teniendo un sueño feliz con una chica y…
313,"Cuarenta y dos, rojo trece, pensamientos felices, felices para todos"
314,"Como comisionado de NFL, me entusiasma ver que la juventud de nuestro país acepta el sarcasmo bol sobre el futbol tradicional. ¿Pero, por qué detenernos allí? Como futbol es de bárbaros, nosotros deberíamos cambiar también. Le damos la bienvenida al nuevo entrenador de Broncos de Denver, Brandy Marso. Felicitaciones Marso, buen trabajo"
315,"¿Bien, qué haces aquí para empezar?"
316,"Eh, oigan. No puedo creer lo que oigo. Practicamos y preparamos para este juego y quieren rendirse."
317,"Porque sí, imbécil, resumiendo nos has cerrado en la limusina de las narices"
318,"Por lo menos Woodhouse, sí"
319,¿Por qué me pegas?
320,Muy buen negocio. Es muy listo
321,"Oye, lo de la mamada"
322,"Sea cual sea la misión, ISIS está a la altura. Somos profesionales y"
323,"Cállate, vosotros sacad a AJ y dejadme a mí el resto"
324,¿Qué tenéis el disco?
325,Vale
326,¿Ah?
327,¿Quién?
328,"Bien, Eric. Ya te dije que todos tenemos un interior cremoso de donde provienen todos los sentimientos de compasión y felicidad. ¿Tu papá nunca te lo dijo?"
329,Porque no quieres que beba licores
330,"No le gustan las joyas, abuelo"
331,¿Y no es porque te gusta llevar ese bi gotón cutre?
332,"A ver, es que se lo voy a explicar"
333,"Sube al auto, Stan. Nos vamos a la casa"
334,A mí no me grite que no la he perdido. Intente volver sobre sus patos
335,"Seguro que no cuentan que también cambio pañales, así que..."
336,"De acuerdo, pero porque yo quiero. Uno de nuestros, pues supongo que podemos llamarlos freelance."
337,¡Por Dios!
338,Cago en la leche que no te voy a hacer una mamada
339,"Tengo tres en la saca, necesito cuatro para el finde, me voy a Tailandia"
340,Archero
341,"¿Cómo va todo? ¡Increíble! Nadie sale lastimado, los niños están aprendiendo lecciones valiosas sobre abrazos y seguridad, porque de eso se trata el mundo"
342,Sucios hijos de puta traicioneros. ¿Quieren dejarme fuera? Me robaron la fórmula y luego intentaron joderme. Cutters!
343,¿Por qué has hecho esto?
344,El mexicano negro
345,No tengo papá
346,"Sí, es increíble estar en tu programa"
347,Así que haces improvisaciones
348,"Y si les pasa algo a ellos, viviría con mi hermana"
349,"¿Pero cómo sabían dónde? ¿Por Dios, habrá un topo en la CIA?"
350,"A él, Slate dice que has estado genial"
351,"Porque así lo siguiente será mucho más fácil, bueno para mí"
352,Me voy
353,"Lo siento chicos, mi papá dice que está muy ocupado con los Broncos, no tiene tiempo"
354,Uno de los dos debería
355,Coño
356,"Lo han entendido mal. Las joyas que venden en esos canales ni siquiera son las nuestras. Son de la India, del mismo lugar de qué proviene sus refranes"
357,"Hola, ¿cuánto me ofrecerías por esto?"
358,Pero cuando veas que no. ¡Cállate! Esto es el número de centros de CIA de un empleado que vendrá a avisarme
359,Aunque disfrutar no sea literalmente
360,¿Qué?
361,"¿Sí, Saben qué? ¡Al carajo!"
362,Tienes razón. A lo mejor así te liberas de tu energía negativa
363,"Ya gracias, señor craqueos"
364,"¿Y por qué, por qué la tienes tú?"
365,"Archero, eso es "
366,¿Qué? Creía que significaba lo siento. Se ve que por eso aquella noche en el burdel de carraca pasó de repente de malísima a mucho peor
367,Solo Slate
368,"No, es que aquí hace un calor de cojones"
369,De acuerdo
370,"Por favor, no se les pueda contar nada"
371,¿No?
372,Eso es
373,"A sí, eso tiene más sentido"
374,¿El qué da igual?
375,Y cien grandes
376,"¿Cómo que no? Y se ve que es una bromista, pero le aseguro señor Archero, que todo esto es muy real"
377,"Bueno, conmigo está el presidente de Brasil y su esposa grande"
378,Ahora se lo voy a decir a CIA y encontrarán el programa espía
379,No
380,Creía que era en tono irónico
381,No
382,Bien dicho
383,"No, no, no puedes hacerte verbo, no te lo consiento"
384,"Claro, le hizo algo a mi cerebro y ahora no puedo parar de ser sarcástico"
385,"¿Y de dónde viene lo de piso franco, verdad? Tendrían que llamarlos pisos sin nombre. Pero aquí estoy a salvo, ¿no?"
386,"Mm… vale, pero luego seguimos mi plan"
387,"Y como le hayas tocado un solo pelo en su cabecita castaña, te voy a"
388,"Sí, esa Ley te da secas, una sola palabra y…"
389,¿Cómo?
390,"Es Slate a secas y esperé. ¿Perdona, vamos a tener un problema tú y yo?"
391,Cago en la leche
392,¿Y eso?
393,Fue a apuntado con la pistola
394,¿Tienes una hermana?
395,La madre que te parió
396,¿A dónde creía que va? 
397,"Espera, sí, literalmente"
398,"No te preocupes, abuelo, yo me encargare de esto"
399,¿Qué?
400,"¿Cómo va todo, entrenador?"
401,Para mí que fue Rieger
402,"Sí, sí, hagamos esto, la economía está en excusado, se acerca una elección importante, pero la prioridad de este país debe ser que el futbol sea más seguro"
403,"Mis bolas, mis bolas, chúpalas"
404,"Bien, papá. Lo guardaré para después."
405,Ya pero
406,"Su identificación, coronel"
407,"Espere, espere"
408,"Oh, por un momento creía que erráis Lana"
409,"No se puede, lo siento, no hay investigaciones que determinen los efectos del sarcasmo al cerebro"
410,¿Sabe qué? Tengo un paciente de cincuenta años con Alzheimer esperándome que no recuerda ni a su familia. Olvidémonos de él y concentrémonos en los supuestos efectos del sarcasmo bol en el cerebro
411,"Venga, Archero, 24 horas"
412,Y ese brazalete de tanzanita nueve noventa y cinco
413,¡Ustedes son la escoria del mundo! ¡Los ancianos son víctimas de canales de venta y ustedes descansan en sus mansiones y ganan billones!
414,¿Nos vamos ya?
415,Ni que te llamen a jugar en primera división jugando en la tercera
416,¿Y el pago será?
417,"Y Rieger, te juro por tu madre, como vuelva a pillarte cerca de la niña"
418,"Lo siento, no quiero confundirme"
419,¿Esa es la ecuación para crear el oro?
420,"Puede ser. Necesitaré collares de oro, brazaletes de diamantes, y de esmeraldas"
421,Sabías que mentía
422,"Pues, tú sabrás"
423,"¿Son diamantes genuinos, verdad?"
424,"¿Eh, cómo es que no tenemos un entrenador?"
425,"¡Muy bien! Disculpe, perdón. Ustedes lucen geniales. ¡Sow, este juego es genial!"
426,"No, Lana. Mirad, como tenga que parar, nos van a matar a todos, así que"
427,Ya tenemos joyas de porquería. Ahora nos queda buscar ancianos
428,"Abuelo, ¿cuánto gastaste en eso?"
429,Sobre todo hago improvisaciones
430,Muy buenas
431,"Muy buena elección. Es muy hermosa, miren es muy hermosa"
432,"Sí amigo, es una réplica de la corbata del Rey Enrique V"
433,Callaos los dos. ¿Por qué aviso a navegantes? Esto es un bebé
434,"Oh, sí, porque tengo mucho tiempo para eso, Sharon. De hecho por qué no preparas una cena de cuatro platos para todos, mejor una cena de siete platos."
435,Eres un monstruo
436,"Es broma, son sus tres días libres anuales. Suelen ser dos, pero le he dejado recuperar uno del año pasado"
437,"Oh, sí, buena esa"
438,"Bien, aquí vamos. Miren como van a patear. Las jugadas especiales son las más importantes"
439,¿No lo recuerdas? ¿Pero recuerdas el número de tu tarjeta de crédito?
440,Nueve dólares
441,"Entrenador, victoria de tres a cero sobre los Astillero, se debe sentir un ganador"
442,¿La ibas a convertir en un robot?
443,Vale te llamo cuando resuelven lo del topo para que lo lleves al nuevo piso franco
444,"Eh, salgan del campo, m'Kai"
445,"¿Te puñalada por la espalda, no harás ninguna tontería en plan de venganza cuando abra la puerta?"
446,"No Eric, eres un jugador genial"
447,"No soy abogada laboralista, pero"
448,¡Te voy a matar!
449,"Tiene razón, chicos, a partir de ahora eres el capitán Cutters. ¡Llévanos a la victoria!"
450,Uh
451,"Está claro que él cree tener un plan así que, pues, venga ¡qué hable!"
452,"Espera Vivian, te comunicamos con un representante y saludarás a él. Gracias por comprar con nosotros y felicitaciones por estos aretes fax de catorce quilates. A ese precio fue prácticamente un robo"
453,"Coronel Cristiano, si no te importa"
454,¿Perdón?
455,"Mi cremosidad no sale todas las noches, pero va seguro de estar abastecido"
456,"Entonces, fuimos a la India, que es hermosa, creo, nunca había ido. Y aprendimos que quien lo fundió, lo negó, lo rimó y de hecho lo proveyó"
457,"Lo siento, señor Marso, pero parece que hay un daño permanente"
458,Nosotros ya no pateamos más
459,"Bueno, no vamos a poner un par de novatos sin experiencia en la lineación inicial de la amenaza…"
460,"Pero, oiga, ¿son necesarias las armas? Lo pregunto totalmente en serio"
461,"Sí, tengo literalmente miles de armas"
462,Y hablando de… cago la leche
463,"Papá, no deberías gastar el dinero de tu jubilación en frivolidades. Deberías guardarlo para cuando te mueras y ese dinero es nuestro"
464,Amo el sarcasmo bol. Es mucho mejor que el futbol. Me alegra que no haya violencia en los deportes. Y el sarcasmo bol es más divertido para ver
465,¿De verdad?
466,"No, no para nada"
467,"Mali tiene el globo. Está diciendo cosas muy lindas sobre el otro equipo. Balín se encuentra con G Woody. Le entrega el globo a Woody. El árbitro se acerca. El árbitro decide que es una notación. Espera, ahora se acerca otro árbitro y señala que es un punto en contra"
468,"¡Qué buen ojo! ¡Es muy listo! ¿Se aprovecha de mí, le gusta joder a mujeres asiáticas?"
469,"Lo iba a hacer, pero mujer, no soy un monstruo. Has sido madre"
470,¡Cállate! Cuenta era un traidor. Iba a vender el disco a los rusos
471,Eh 37 15
472,"¡No me jodas, Civil!"
473,"Sí es lo más lógico, claro, aunque seguro que son muy viejos"
474,"Así, básicamente lo más cañero"
475,"Oh, sí Archero, tengo una hermana"
476,Ese niño nos quiere provocar. Dice cosas feas para que nos enojemos
477,¡Bien hecho!
478,Una importante misión para ISIS que podemos. Encestar de un chupe para hacer carambola
479,"Pero, ¿qué te pasa?"
480,¿Qué está haciendo?
481,"Ya, hola. ¿Un mexicano negro?"
482,"Rieger, los conductos de aire siguen con gas nervioso?"
483,"¿Entonces, el plan de Cuenta no te parece innecesariamente complicado?"
484,"Sí, no me gusta que se aprovechen de mí"
485,Sí
486,Sí lo soy
487,¿Practicar un lunes luego de una victoria? ¡Genial!
488,"Vamos a ver Barak, no sé lo que se cuenta por allí, pero las barbaridades que hayas oído que he hecho, realmente te falta el contexto, porque prácticamente en toda mi vida, prácticamente hasta ahora mismo he sido más bien un medio cañero. Pero eso era antes, antes de que tuviera una hija, una hija que has amenazado..."
489,¿Joder y qué hacemos?
490,"Amaba ese perro, me hizo muy feliz siempre. Cuando murió no quise ponerme demasiado triste, porque pensé que siempre me quedaría el recuerdo de su carita alegre. Yo no recuerdo cómo era su cara, Villi"
491,Todo tiene su lógica
492,Quiero saber cuánto ofrece por esta corbata de oro y diamantes
493,"¡Sí, Sí, moho!"
494,Esperad. ¿No os ha parecido Archero un poco asustado?
495,"Bueno, de allí vamos, Cuenta, procura parecerse presidencia. Y Lana que parezcas eso, una señora, lo has bordado"
496,"Tranquilo. No, joder, no tengo testamento"
497,"Me duelen los brazos... Levanta el puto cartel, esto es un negocio"
498,No podemos
499,Y ya que eres la única de aquí que odia a los niños
500,¿Qué es sarcasmo y qué es esperma?
501,Marchando una empanada familiar
502,¿La cabeza de quién?
503,"Lana, vete, AJ está en buenas manos. Sé lo que hago, he leído diez libros del club de las canguros"
504,Barak?
505,¡Oblígame!
506,"Sterling, el señor"
507,Hay. ¿Lo ves?
508,Landó
509,"En fin, hasta que encuentren el topo y lo saquen, necesito que hagas canguro"
510,"Seguro que sí, en algún momento, pero"
511,¿Qué coño pasa aquí?
512,"Vamos, dense palmadas en las espaldas"
513,Sí
514,"Bienvenidos a Roma, donde hablamos de sarcasmo bol. No puedo esperar. No puedo esperar para hablar de sarcasmo bol porque es tan interesante. Me acompaña el entrenador de los Broncos de Denver e inventor de sarcasmo bol, Brandy Marso. Gracias por estar aquí Brandy, estoy feliz de que estés en el programa."
515,"Cómo, ¿dónde está?"
516,"Sí, pero dudo que"
517,No hasta que me tome este batido de mate y caña con una nube de tres en uno
518,"Un momento, dame eso, a mi señal me pondré a tío. Vosotros idiotas salid corriendo y buscad a Paz y AJ y ponedlas a salvo antes de que lleguen más gilipollas"
519,"Oye, no te preocupes por AJ, ¿vale?"
520,"De mi primo, la que me diste no daba pego, y pensé que con una de verdad me metería más en el papel"
521,"Para empezar, me ha disparado dos veces"
522,Es un archivo informático con la identidad verdadera de todos los agentes de CIA que operan en el centro de Sudamérica. Argentina lo usa para presionar y amenazar a contárselo a los rusos
523,¿Y vosotros estabais conchabados?
524,¿No deberías qué?
525,"Sí, decidíamos que sin las patadas por la preocupación creciente de las conmociones, m'Kai"
526,"Bien. Ciertamente, existen muchas estadísticas interesantes, Dan. Y estamos muy preocupados y esperando a ver si existe una relación directa entre fútbol y los traumas de cráneo"
527,"Oh, por favor, sabemos que es Buenos Aires"
528,"No, en serio"
529,"Así mejor, que hay un bebé"
530,"Está aquí, cabeza hueca"
531,Pero como puede salirse con la suya
532,Todavía tengo pistola
533,"¿Por transferencia, algún problema?"
534,"Vamos, básicamente si no os matáis unos a otros, es por falta de armas de fuego"
535,"Eh, ¡qué va! ¡Solo esa frase!"
536,¿Lo dices en serio?
537,... Hay que fastidiarse
538,Yo he bordado
539,"Ya os tendríais que haber ido, pero supongo que ya es tarde, así que..."
540,"""Nosotros no somos los que negamos el verdadero valor de sus joyas, el refrán hindú en realidad dice""""más hay bachata hay"""""""
541,"Bien, ocho dólares"
542,"No, no, me refiero a armas de fuego, por ejemplo. ¿Están bien guardadas?"
543,Se me ocurren unas cuántas más
544,Me duelen los brazos
545,"Cielos, no sé, compañeros."
546,Me encantan las noches de póquer
547,"Espera, ¿qué hago? La azotea es el primer sitio donde buscarán"
548,"A tu ridículo, ¿qué es un tipi?"
549,Y literalmente
550,"Venga, ¿no podemos tener una noche de póquer sin violencia?"
551,"Sí eso tiene mucho sentido, porque desde su promoción en el año 2006 ni siquiera tiene licencia para conducir"
552,"Genial, no volveré a usarla"
553,"Y dos de diez, porque eres un gilipollas de marca mayor"
554,¿Qué?
555,¿Y puedes prometer que aunque Cuenta?
556,"Es cierto, Cutters"
557,Sí
558,¿Qué información? Slate dijo que te sacará
559,"Entonces, en la CIA, no hay ningún topo"
560,"Lana, Lana, ¿es que tienes envidia de que soy un vergón?"
561,"Esas corbatas están de moda, tiene suerte de tenerla"
562,Voy a darle yo violencia homófoba
563,"Cutters, eres malo en todos los deportes"
564,¿Qué dijo?
565,"Oh, pues, no te habría visto copearte veinte copas y no haría falta para que te meneara"
566,"Sí, idiota y también varias balas"
567,"Lo sabía, en el fondo de mi corazón, sabía que era de los buenos"
568,Mexicano negro?
569,"¿Quién eres? Eh espera, no recuerdo"
570,Sí puede hacerle pruebas
571,"Archero, hablo en serio"
572,"Racista serás tú en todo caso si mexicano o negro te parecen insultos. De hecho, mi hija es multirracial"
573,"¡Moho! ¡Bien hecho, Ciclo! ¡Es bueno verte en televisión!"
574,"Sí, me gustaría hablar sobre esta nueva regla que en el futbol prohíbe las patadas"
575,"Creo, lo averiguaremos el domingo"
576,Procuró que no haya sorpresas
577,Estoy cargando
578,Sí
579,Porque te voy a molar los sesos en las escaleras de color
580,Eso es muy cañero
581,¿La casa es segura para bebés?
582,"Sí, necesitamos más de tu jugo, Cutters"
583,"""Así es, los sujetes con carteles""""compramos oro"""" compran sus joyas de porquería. Sumamos con las canales de ventas y los dividimos por los viejos de mente, tenemos oro"""
584,Solo es una de las muchísimas otras cosas que podría estar haciendo
585,Sí o en un motel o en un váter por...
586,Eso pensaba si se lo adereza a quienquiera que lo haya preguntado
587,"Sí claro, y más después de las alpinas."
588,"Ni tú. Me dé igual que seáis el presidente y la primera dama de Brasilia de visita en América de buena voluntad para la sede de los servicios de la inteligencia. El coronel Landó de las fuerzas especiales no trabaja para ti.  Aunque, la tapadera, la has clavado"
589,"Oh, Brandy, está ocurriendo"
590,"Ya no es una beba, abuelo, tiene trece"
591,¿Es que quieres cabrearme?
592,"El servidor está en una cámara acorazada y reforzada con acceso mediante una tarjeta y escaneo de retina, en el último piso de la sede del servicio de inteligencia, que está fuertemente custodiada por todos sus puntos por fuerzas especiales con órdenes de disparar a matar a toda persona no autorizada."
593,"Señor Marso, escuche, sé que se preocupa por su hijo, pero es un tremendo jugador. Hace buenas cosquillas, se ríe y tiene buen carácter"
594,"¿Han montado todo esto? ¿Que me dispararan, que le dispararan a Slate?"
595,Un aplauso para el pibe
596,Es un bueno idea
597,"Archero, no vayas como loco. ¿Qué coños estás haciendo?"
598,Antes de comenzar esta reunión de padres y maestros. ¿Alguien tiene un asunto pendiente?
599,Acabo de hacer. A ver dónde está y cuál es la información
600,Esta es la vieja
601,"Sí lo pienso realmente. Ayúdame, Sharon, ayúdame"
602,"Y, pues existe un refrán hindú que dice, quien lo fundió, lo generó"
603,"No, es un regalo que me dio mi abuelo, pero es tan costoso que me siento mal aceptarlo. Prefiero efectivo"
604,"M'que, ¿le gustaría ser el entrenador de sarcasmo bol de South Park?"
605,¿No estamos en el mismo bando?
606,"Sí, no, no. Bien hecho por usted"
607,¿Cómo dices?
608,"¿Es futbol seguro para sus hijos? Un padre preocupado, Brandy Marso, dice que no. Comenzó un movimiento para reformar el deporte y ya tiene cientos de seguidores."
609,"Lo cierto es que el juego es muy emocionante. Y un juego emocionante que terminó en cero a cero es un juego que quiero ver dos veces. Es un juego que quiero ver cuatro veces. Oye esto, quiero ver este juego cinco veces. Buena suerte el domingo. Seguro que será otro juego que querré ver dos veces. Oye esto, trece veces"
610,Ya sabía que el pelo de ese le haría pasar por latino para colarnos dentro
611,Pero bueno
612,¿Sostenes?
613,"Rayos, esto es terrible"
614,"En fin, lo llevaba un piso Franco de la CIA, pero nos estaba esperando varios de sus excompañeros y he tenido que salir a tiros"
615,"Espera, ¿ya te sabía la clave?"
616,"No sé, nunca me había puesto en pensarlo"
617,"Sí, hombre, todos lo vemos venir. ¡Suéltalas!"
618,¿Se refiere a mí?
619,"Cuando cerramos, aquel tipo"
620,Desintoxicándose
621,O si por nos lo vuelve a jugar
622,¿A quién iban a elegir si no?
623,Y yo voto por madre y Woodhouse
624,"Nuestra hija, Lana"
625,"¿Brandy, te lo piensas?"
626,"Estoy en el negocio de reventa, pero no consigo suficientes joyas de la gente, así que quiero comprar las suyas"
627,"Claro, él que fuma junto a la niña"
628,"Y, es maravilloso, eso me pondría muy contento. ¿Quiénes están?"
629,"No sé, creo que llevaría esa de allí"
630,"Es una hermosura, papá, gracias. Y, mañana les toman la foto escolares, también puede usarla"
631,"¿Bienvenidos a Tac Bell, les gustan nuestros Doritos locos tacos?"
632,"Uno, eran botellitas y dos me refiero a AJ. ¿Quién la va a cuidar si nos pasa algo a los dos?"
633,"Te han puesto una mamada, ¿a qué sí? Y madre, Slate y CIA son idiotas por confiar en él. Pero me refería a volar en el mismo avión, Lana. Y si se llega a estrella"
634,"Quien lo negó, lo proveyó"
635,Ah
636,"Y los demás, no veo la necesidad de contarle a Lana lo sucedido. ¿Entendido?"
637,Bienvenidos al juego inaugural la liga nacional de sarcasmo bol. Hoy tendremos el enfrentamiento entre los Broncos de Denver y los Riders de Falkland. 
638,En el animal
639,Solo ese
640,Mi hijo está jugando a ese juego ahora. Me alegra el corazón ver como usted se preocupa por su seguridad
641,Y haberle contado lo que estoy haciendo ha sido claramente para despistar. ¿Vale?
642,Cuando nos pidió que viniéramos a rescatarte
643,"Oh, bien. Está bien Cutters. Recuerda lo que hablamos. A veces nuestro relleno cremoso de felicidad crece de noche y se rebalsa"
644,"¿Brandy, no vas a acompañar tu familia en la cena?"
645,"¡A la mierda, creo que sí!"
646,¿Lo dices porque tienes hambre?
647,"¿Hola, Craig, cómo estás? Token apuesto que tu mamá tiene joyas que no le extrañará perder. Bebe, te ofrezco algo para tus diamantes falsos de tus aretes. Quizá pueda darte... Cutters, ¡qué carajos!"
648,"¿Entonces, está feliz por todos esos cambios?"
649,"Pero luego le bancasteis la mano, así que"
650,¿Quién lo necesita? Tenemos a Cutters
651,"Pagué miles, y usted me jode"
652,Archero
653,La virgen. ¿No descansará hasta que estemos todos esclavizados por Skynet?
654,Lana
655,"Demostrando lo que un padre preocupado puede lograr, Marso terminó hablando frente de los líderes de Washington"
656,Sí
657,"Pues, yo, como es lógico"
658,Mm… Voy a decir: '¡No!' ¡Venganza!
659,En Canadá no funciona nada
660,"No tenemos entrenador, Kilo"
661,"Sí, no estoy seguro de que sea un pastel o quizá un pan. Pero definitivamente cree que está horneando algo"
662,No te queda azúcar
663,"Ya que estás aquí, ¿por qué no nos cuentas cuál es la misión?"
664,Y eso es algo muy sagrado para nosotras así que ¿le ayudaremos a buscar a la pequeña J? En unos sin… quince o cuarenta minutos
665,No eran sólidas
666,"Sí, pero los diamantes no me sirven para nada. Tendría que enviarlo a un fundidor que se ocupe de fundir el oro y quizás yo gane unos diez dólares"
667,Esto tendrá que resolverlo el grupo fuera del campo
668,"¿Porque menudo imbécil, verdad?"
669,Como yo
670,Sí
0,¿Y por qué tienes un bebé?
1,"Cielo santo, sí. Me encantaría ser el entrenador del equipo de sarcasmo bol"
2,"Si nos pasa algo a los dos, ¿quién se hará cargo de la niña?"
3,"Stanley, solo busca tus cosas y nos vamos a casa"
4,"Ah, sí esto podría funcionar"
5,Más de la de la terraza
6,Quería toda su atención
7,¿Solo Bourbon?
8,"No conozco a tal Lana, pero"
9,Porque pusiste en peligro su misión
10,"Iba a decir, era dos de dos chicos"
11,"¿En serio? ¿Cree que hay una relación entre el sarcasmo y el sarcasmo bol de verdad? ¡Qué fascinante, continúe por favor!"
12,Esta corbata cuesta seis mil dólares
13,Yo qué sé que en la miente. Y ya ha venido un tal señor Ley para verla
14,"Hola, chicos"
15,¿Ya la cerramos con llave?
16,¿Cómo que está vacía?
17,"No se parece nada a su perfil con todo lo que se cuenta del caballero que es, pero le digo una cosa, Barak lo entiende"
18,¿Mi?
19,¿Qué? Eso le costó a mi abuelo seis mil dólares. Los diamantes son auténticos
20,¿Eso qué es?
21,"Sí, se lo dije, estuve mirándolo todo el día"
22,"¿Y Cheryl, qué?"
23,"Sería dejarle ciego, pobrecito"
24,"Ah, vale"
25,¿Puedo decirle una cosa antes de que me mate a golpes?
26,Yo no te jodo
27,"Lo lamentamos Stanley, no queremos que sigas jugando a este deporte"
28,"No, no, no, claro que no"
29,"¿Qué te importa, Lana?"
30,"Brandy, algo te ha ocurrido. ¿No puedes dejar de ser sarcástico?"
31,"Sí, pues claro"
32,"¡Vamos, Broncos, vamos!"
33,"¿Y creemos que North va a llevarse la victoria solo porque son más amables que nosotros? La amabilidad, la llevamos adentro. Cuando el enemigo sea amable, nosotros le devolvemos la amabilidad. Si nos dan dos calvos, les damos tres."
34,"Sí, pero "
35,"No, no, usted me jode. ¡Al carajo!"
36,Así que tenemos que ir a la armería
37,Bueno vale
38,¿Oh?
39,Intentan joderme con su negocio paralelo
40,¿Qué?
41,Ya y
42,"¿Cómo se soluciona, doctor?"
43,"Son nuevos tiempos, una nueva era de ciencia que solo pocos comprendemos"
44,"Bueno, papá, fue un placer volver a verte. Nos quedaríamos a cenar, pero esta comida le provoca diarrea a Sharon"
45,"¿Juegas duro? ¿Necesitas una bebida deportiva que te dé más energía? Los deportes de hoy son para gente amable, así que mejora tu desempeño con jugo cremoso de Cutters. Estarás lleno de buenos sentimientos y serás más gentil que un rayo de sol"
46,"Cuando estoy agotado, es el único que me hace subir la compasión. Ahora de vuelta al campo"
47,¿Qué haces Ley?
48,¿Qué?
49,"Para tu información Civil, no necesito ayuda con AJ porque"
50,No quiero que bebas nada
51,"¿Espera, qué?"
52,Deberíamos echar un ojo
53,Espero no tener que llegar hasta eso
54,"Y oye, llámame si no te va bien con la cría"
55,"¡Tu puta madre, me has disparado!"
56,Y por venganza. ¿Te acuerdas cómo me arrancaste la mano?
57,"Oye, nos vamos en cinco minutos"
58,"Ay, madre, muy bueno, por un momento me lo he tragado"
59,"¡Sí, vamos a hablar de confianza!"
60,"¿Espera, hablas urdu?"
61,"¡Ah, miren eso! Una corbata de cordón. ¿No es hermosa, Stan?"
62,¿Eso cuesta tanto?
63,Bueno
64,"Protesto por el término canguro, porque claramente no soy un bebé"
65,Pásalo bien y saluda a tu vida animal
66,He tenido un bebé
67,"Espera, literalmente no, pero muchas"
68,Eso también
69,"No, amigo, es genial"
70,Qué buen golpe. Recuérdenlo en la práctica mañana
71,No me parece el momento para hablar de eso
72,"Bueno, puede… Aunque tiene mala pinta"
73,Archero
74,"Yo qué sé, digo yo qué será"
75,¿Feliz? ¡Contentísimo! Mire lo mucho que mejoró esto
76,No sé qué puedo hacer. Los niños comienzan a burlarse de mí porque no soy bueno en sarcasmo bol. Soy malo siendo gentil. Soy tan malo que pareció una gorda en bikini floreciente en la playa
77,Disculpe
78,"Tengo el globo, el entrenador Marso. ¿Ahora qué hago?"
79,Y creo que llevaré esa
80,Solo intento irme sin ser descortés
81,"Pero, podrías haber conseguido el disco tú solo. ¿Para qué nos has hecho venir?"
82,"Verás cómo... Joder tengo que pasarlo con algo. ¿Has visto AJ? Ha sido una lección sobre algo llamado seguridad de uno mismo. Y al contrario de que te hayan dicho, nunca es de más. Y el burlón. ¿Dónde está el burlón?"
83,"Fue regalo de mi abuelo, sí, y le costó mucho dinero"
84,Ronde?
85,"No estamos ganando mucho, amigos"
86,¿Verdad?
87,¡Boom! ¿Vieron ese golpe?
88,"Ah, papá, oye papá. "
89,No collar de oro con diamantes
90,"¡Sí por los oídos, cállate!"
91,"Porque tengo que herir tus sentimientos, si me pasa algo, y solo a mí Archero, AJ viviría con mis padres"
92,"Bueno, ¿qué tal? ¿Cómo te va?"
93,Sí
94,De las diez dobles
95,Chúpamela
96,¿No está preocupada?
97,"Bueno, no estoy jodiéndola y lo sabe"
98,"¡Sí, soy fanático de todas tus temas de moda!"
99,"Bueno, idiotas. Gracias por ayudarme a pillar el disco. Los rusos me van a dar una pasta ancha por él"
100,"Momento, momento, Sow. ¿Qué mierda es esa?"
101,Lo robó todo. Se estableció en Europa como traficante de armas
102,Quería saber si podía fiarme que te quedarás de AJ tú solo
103,"¿Ya vale, pero las lleva encima? ¿Lleva pipa?"
104,"Vuelvo mañana por la noche, ya verás como me llamarás antes"
105,"¡Moho! ¡Vamos Broncos, vamos! ¡Qué alegría de mierda!"
106,"Ya, a su edad no sé ni para qué se molesta"
107,"Sí, tú sí que has perdido peso Cuenta Sterne o cómo te llames en realidad"
108,"Sí Stan, es lo que quiere la gente. No te preocupes, luces genial."
109,"Sí, no queremos que los niños se lastimen jugando al futbol. Pero creo que tengo un modo de mejorarlo más. ¿Por qué los jugadores no usan sostenes?"
110,"Que, es todo para ella"
111,¿De qué estás hablando?
112,¡Eso no! AJ si nos pasa algo
113,Este sujeto intenta timarnos podemos ir a otro lado
114,"Bueno, no se los pago"
115,"Bien, tengo una idea aún mejor. Tomemos los fondos de investigación de cáncer y enfermedades genéticas, y hagamos comerciales que digan: 'hola, espectadores, quizás el sarcasmo no es algo muy bueno para tu cerebro'."
116,Me busco a una canguro
117,"Archero, no te"
118,No
119,"Y ahora para interpretar el himno del sarcasmo bol, el cantante Ciclo"
120,"Cutters, son sentimientos felices, pero no hablemos de ellos"
121,Y yo
122,¿Soy idiota por saber matemática?
123,Yo
124,¿Así?
125,"Lo del canadiense. Por favor, como que vosotros no os tiraríais allí si pudieseis"
126,Dónde cojones está el botiquín
127,"¿Esto no es robado, verdad?"
128,¿Por qué? ¿Por qué fui yo quien le arrancó la mano a Cuenta?
129,¿Seis mil?
130,"Hola, amo el sarcasmo bol como todo el mundo. Pero a veces es tan emocionante que necesito energía extra para terminar de ver un juego. Allí es cuando busco una botella de este jugo cremoso de Cutters."
131,Vale
132,Callados y esperad a mi señal
133,"Oh, lo siento, perdón"
134,Sí en el sueño improbable en el 23 de Lexington...
135,Fue violencia normal
136,Pero cuesta cincuenta mil. Lo dijeron en el canal de ventas de joyas
137,"Papá, ¿es necesario usar sostenes?"
138,¿Y qué haces en la ventana?
139,"Paz, la niña"
140,"Sí, somos tus padres, no podemos decirte qué hacer"
141,¿Lo dices en serio?
142,Gracias
143,¿Te sientes cálido y compasivo?
144,"¿En serio? ¡A cubierto! ¡Vamos, Civil!"
145,¡Joder!
146,"Recargando, no sé para qué lo digo en voz alta"
147,"No, pero cuando descubra cómo criar de tejido un oso de verdad para cubrirlo"
148,No te jodemos a ti. Ellos están jodiendo al abuelo de Stan
149,"¿Crees que lo hay, torpe?"
150,"Oye, Cutters. ¿Tienes un minuto?"
151,Pues si no vamos a jugar al póquer
152,"Ya, me he pasado"
153,"Un momento, un momento, por favor. Tengo un regalo para mi nieto. Ven aquí, Villi. Como has crecido, Villi, es hora de que tengas algo costoso y llamativo para impresionar a las muchachas "
154,¿La guardas toda?
155,"Vale, caray, ¿crees que en caso de fallecer serías la tutora legal de AJ?"
156,"¿Ah, ya, así que tiene armas aquí?"
157,"Primero, lo del mes pasado no fue violencia homófoba"
158,¿Un burrito de seis capas?
159,"Toma ya, actos se estudian"
160,Sí
161,"""Que se pasó por fuera de mi tienda y dijo:""""una señora asiática me encantará joderla"""". Un goleador de mujeres asiáticas"""
162,Tiene un sabor a humo y también a cloro
163,Hablemos de esto luego
164,Para que te controles
165,El archivo está en el servidor principal de el servicio secreto de la inteligencia argentino
166,"Parece como si estuviera buscando sus llaves, Dan"
167,Bien hecho niño
168,"¡Vuélvete a Canadá, Ben Jonson!"
169,"Gracias, comisionado. Me emociona formar parte de todo esto, gracias"
170,Como... Me llamo Vivian
171,Verdad
172,¿Qué?
173,Decías algo acerca de un plan
174,"Sí, soy igualito que Cristi con un huequecito de Claudia"
175,"Sí claro, ahora no puedo dejar el sarcasmo"
176,Ya lo sé
177,Ni siquiera entendemos cómo se juega este juego
178,¡A qué majo!
179,"Vale ya Sterling, algo habrías hecho, estoy segura. Pero ahora tienes la ocasión de enmendarlo, algo que no es muy frecuente"
180,No recuerdo si debemos abrazar el defensor o decirle algo lindo. Estoy confundido
181,tiene
182,"¿Y mientras sacamos AJ de aquí, tú qué vas a hacer?"
183,¿Qué haces?
184,¿Quince dólares?
185,"Perdón, se llama operación QUEDE"
186,"¡Ay, sí!"
187,"Te he oído, pero no pienso mover hasta que te lo pongas"
188,"Ya dije mi preocupación, sí. Les advierto que ser así de sarcástico es peligroso"
189,"Ya sabes. Intenta llegar a la zona de notación, pero con mucha amabilidad"
190,Esto es bueno. Qué bueno que hayan venido en cantidades enormes para mostrar su apoyo al sarcasmo bol
191,Perdón
192,Mentía. Es mi verdadero nombre
193,¿Y a los alumnos les gustará eso?
194,"Muchachos, escuchen, olvídense del día libre. Tenemos que practicar mañana"
195,Pues lo has portado imbécil. ¿Cuánto se ha dado Lana por dispararme?
196,"Oye, tú no eres mi jefe"
197,"Mierda, es un maldito multicampo"
198,"Siguiente producto es número 4568111. Miren estos imponentes aretes. Estos son aretes de fax genuinos. Oro de catorce quilates, sátiros fax de ochenta y seis quilates. Fax es una palabra francesa, tiene una x, pero la x ni siquiera se pronuncia. ¿No les parece prestigioso? Estos aretes cuestan seis millones de dólares. Pero hoy los vendemos por tres cientos veinte dólares. Es un regalo, los teléfonos comienzan a iluminarse, creo que tenemos un comprador, hay un comprador. Sí pongámoslo en la línea. ¿Con quién tengo el gusto de hablar?"
199,"Oh, de acuerdo, aquí tienen"
200,"Llévanos al garage, tío"
201,"Como verá, quiero evitar los intermediarios. Quiero comprarles sus joyas directamente a ustedes para... ¡Hijos de puta!"
202,"Vamos, ábrelo, Stan"
203,Es una yurta
204,Todo tiene su lógica
205,¡Madre mía!
206,"Benny, di a Cartean que se calle"
207,Cómprenlo y tomen el jugo
208,Pues vas mal
209,Debo proteger a la niña
210,"No, no, el sarcasmo bol no tiene nada que ver, yo solo, solo estoy disfrutando mucho del sarcasmo y debo buscar excusas"
211,"Cutters, tú entiendes este juego mejor que nadie"
212,Jackson se detuvo a las 45 y se levanta lentamente 
213,"Venga, pues tan cabrones violadores de cabras a pelo y sin comodines"
214,"""Y te quedarás en tu habitación pensando lo que acabas de hacer. Solo porque la gente quiera que el futbol sea más seguro modificando una regla, no significa que puedas pensar: """"Oh, ¿por qué no nos bebemos nuestros espermas?"""" Un sarcasmo así es homofóbico, chovinista y completamente inmaduro. ¿Alguna pregunta?"""
215,"Su identificación, coronel, por favor"
216,"¿Eh sí? Perdón, es que me preocupa haber usado mal la palabra literalmente toda mi vida"
217,"Oro de catorce quilates, diamantes y turquesa. Te doy quince dólares."
218,"Más quisiera, digo no, no. Estaba haciendo un estado de mercado para TB-800 alias siderocito de peluche"
219,"¿Antes de que me dispares, puedo decirte una cosa?"
220,"¿Muchachos, por qué no posan para una maldita foto que quedará en la memoria del deporte?"
221,"Eh idiota, que soy paquistaní"
222,"Lo invito lamernos las pelotas, señor"
223,Ni siquiera hacen un burrito de seis capas
224,Nada hasta que consultemos la cuija
225,"Creo que sufro una conmoción. El infierno no conoce irá, ¿eh?"
226,¡Está vacía!
227,¡Jolín!
228,Deje de decir eso
229,"El jugo cremoso de Cutters está lleno de todo lo que un atleta necesita: compromiso, compasión y camaradería. Y también viene envase de cuarto litro"
230,"Sí, todos deberían usar sostenes. Y en vez de cascos, sombreros de papel aluminio, porque estamos en el futuro y no deberíamos ser tan bárbaros"
231,Eso ya pensaba
232,Esto es esperma
233,Esperé que...
234,Solo a la gente niñera
235,"Sí, Jackson recibe un golpe real, y no estoy seguro de lo que hace ahora, pero"
236,"No, yo no tengo esa que te llevas dentro, Cutters."
237,"Y en la escuela no hacemos las jugadas, ya que son peligrosas"
238,"Vale, pues, lo veo, pero el espía tiene un arma. Creo que está robando al señor Archero"
239,"Los llamo freelance, sí cállate, haz el favor. El caso es que hay que sacarlo de la capital de Argentina"
240,Oro de catorce quilates con una turquesa y diamantes reales
241,¿En serio?
242,"Por Dios, te tienes que relajar. ¿Oh ah? ¿Y no hay cerveza?"
243,¿Qué? ¿Has terminado de caracterizar?
244,"Oh, mira qué eres. Hora de la siesta, tengo una reunión, adiós"
245,"Oh, siento, lo siento. Todos tenemos un relleno cremoso, Eric. Y muchos tenemos tantos sentimientos que de vez en cuanto se escapan. Muchas veces que estoy durmiendo, y en especial, si estoy teniendo sueños hermosos que me hacen sentir bien. A veces me despierto y cuando lo hago, me doy cuenta de que mi cremosidad se salió. Y, Dios, esta vez fue mucho. Pero siempre me aseguro guardarla por si me quedo sin mis sentimientos de felicidad"
246,"Está aquí, unas veces se rebalsa"
247,"Gracias, Jim, porque esa siempre fue mi intención desde que se me ocurrió la idea, sabía que iba a terminarse de este modo"
248,¿No le importa lo que estoy haciendo con su servidor?
249,"Algún día le gustarán, le gustarán mucho. Ella es una beba todavía. "
250,¿Qué Brandy?
251,Esto a… ¿Vuelvo en otro rato?
252,Vale
253,Esto no se ve todos los días
254,Se producen en el cuarto de baño
255,"Qué bien que has hecho té. Porque me vendría bien uno con miel y limón. Y con Bourbon, pero aún mejor sin miel y limón ni té"
256,"Porque tiempo es crucial, asta ayer Barak era un caber espía de la inteligencia paquistaní. Pero ahora queré pasarse a nuestro bando"
257,"Gracias, Jim"
258,No creo que pueda romper nada
259,"Sí, supongo que sí. Bien abuelo, quería entregarte un regalo"
260,¡Perfecto!
261,"""¿La única frase que sabes en urdu es""""no jodas cabrón violador de cabras""""?"""
262,Aun así mentiste cuando me dijiste que no ibas a beber
263,"¿Qué es lo que dices, Gusto? Dios mío. ¿Quieres decir?"
264,No pueden decirme qué hacer
265,"Linda corbata, Stan"
266,Coronel
267,"Ah, en fin, lo han descubierto. La inteligencia Argentina va por él y hay que sacarlo de allí cagando leches"
268,"Cállate, no te fastidies, te iba a llamar"
269,"Sí, papá, bebé un poco de esto"
270,"No puedo, no tengo la información"
271,"Bienvenido, bienvenido a la tienda de respeto"
272,"Bueno, saltar, llevo paracaídas"
273,Por Cheryl
274,¿Y por qué me cuentas esto?
275,Seis mil dólares
276,"Sí. ¿Puedo empezar, yo? ¿Os importa si empiezo yo? Tú estás como una puta cabra"
277,El entrenador Bellini dijo: 'No podemos derrotar a los Broncos. Este entrenador les duró casi un día'
278,Y yo. Pagar por pasar veinticuatro horas en una yurta es sin duda la tontería más grande que has hecho
279,Por no decir robotizado. ¿De dónde coño has sacado una mano biónica?
280,No
281,Con la amenaza implicaré que te dispararé a los genitales. Y luego me sentaré a beber jerez amontillado mientras que te desangras
282,"Te necesitamos, Cutters. Eres el indicado"
283,Papá
284,¿Qué tal dejarle terminar?
285,tenía
286,¿Cómo ayudarían los sostenes y sombreros de papel?
287,¿Slate?
